{
"00": "Aprobada",
"F1": "Filtro por Comercio",
"01": "Negada, comuníquese con su entidad",
"F2": "FILTRO POR AGENCIA",
"02": "Negada, comuníquese con su entidad", 
"F3":	 "Bin no permitido para esta aerolínea", 
"03":	 "Negada, comercio inválido ",
"N0":	 "Negada, no es posible autorizar ",
"04":	 "Negada, retener tarjeta",
"N1":	 "Negada, longitud del número de PAN inválida",
"05":	 "Negada, puede ser tarjeta bloqueada o timeout", 
"N2":	 "Negada, se llenó el archivo de preautorizaciones",
"06":	 "Negada, no se pudo procesar la transacción ",
"N3":	 "Negada, límite de retiros en línea excedido",
"07":	 "Negada, retener tarjeta", 
"N4":	 "Negada, límite retiros fuera de línea excedido", 
"08":	 "Aprobada, solicitar más información", 
"N5":	 "Negada, límite de crédito por retiro excedido",
"09":	 "Negada, transacción duplicada", 
"N6":	 "Negada, límite de retiros de crédito excedido",
"11":	 "Aprobada, vip ",
"N7":	 "Negada, customer selected negative file reason",
"12":	 "Negada, transacción inválida ",
"N8":	 "Negada, excede límite de piso", 
"13":	 "Negada, monto inválido",
"N9":	 "Negada, maximum number of refund credit", 
"14":	 "Negada, estado de la tarjeta inválido ",
"O0":	 "Negada, referral file full",
"15":	 "Negada, la institución no está en el IDF ",
"O1":	 "Negada, NEG file problem ",
"16":	 "Negada, numero cuotas inválidas",
"O2":	 "Negada, advances less than minimum ",
"30":	 "Negada, error en edición de mensaje ",
"O3":	 "Negada, delinquent",
"31":	 "Negada, el emisor no es soportado por el sistema ",
"O4":	 "Negada, over limit table ",
"33":	 "Negada, tarjeta vencida con orden de retención",
"O5":	 "Negada, PIN required",
"34":	 "Negada, retener/capturar",
"O6":	 "Negada, mod 10 check",
"35":	 "Negada, retener/capturar",
"O7":	 "Negada, force post",
"36":	 "Negada, retener tarjeta",
"O8":	 "Negada, bad PBF 3",
"7":	 "Negada, tarjeta bloqueada retener/capturar",
"O9":	 "Negada, NEG file problem ",
"38":	 "Negada, número de intentos del PIN excedidos",
"P0":	 "Negada, CAF problem",
"39":	 "Negada, puede ser tarjeta bloqueada o timeout",
"P1":	 "Negada, over daily limit",
"41":	 "Negada, tarjeta robada o extraviada",
"P3":	 "Negada, advance less than minimum",
"43":	 "Negada, estado en archivo de tarjetahabientes CAF",
"P4":	 "Negada, number times used",
"51":	 "Fondos insuficientes",
"P5":	 "Negada, delinquent",
"54":	 "Negada, tarjeta vencida",
"P6":	 "Negada, over limit table",
"55":	 "Negada, PIN inválido",
"P7":	 "Negada, advance less than minimum",
"56":	 "Negada, no se encontro CAF",
"P8":	 "Negada, administrative card needed",
"57":	 "Negada, transacción no permitida a esta tarjeta",
"P9":	 "Negada, enter lesser amount",
"58":	 "Negada, transacción inválida", 
"Q0":	 "Negada, invalid transaction date",
"61":	 "Negada, excede el monto máximo",
"Q1":	 "Negada, Fecha de vencimiento inválida",
"62":	 "Negada, tarjeta restringida",
"Q2":	 "Negada, invalid transaction code",
"65":	 "Negada, límite de usos por periodo excedido",
"Q3":	 "Negada, valor del avance menor que el mínimo",
"68":	 "Negada, TIMEOUT Q4 Negada, excedido el número de usos por período",
"70":	 "Negada, tarjeta vencida",
"Q5":	 "Negada, delinquent",
"71":	 "Negada, el tipo de cuenta no corresponde",
"Q6":	 "Negada, tabla de límites excedida",
"75":	 "Negada, número de intentos de PIN excedidos",
"Q7":	 "Negada, el valor excede al máximo",
"76":	 "Aprobada, (Privado) Q8 Negada, no se encuentra la tarjeta administrativa",
"77":	 "Aprobada, pendiente identificación firma del comp",
"Q9":	 "Negada, tarjeta administrativa no está permitida",
"78":	 "Aprobada a ciegas R0 Negada, transacción admin aprobada en ven",
"79":	 "Aprobada, transacción administrativa",
"R1":	 "Negada, transacción admin aprobada fuera",
"80":	 "Aprobada por boletín de seguridad",
"R2":	 "Negada, transacción administrativa aprobada",
"81":	 "Aprobada por el establecimiento",
"R3":	 "Negada, la transacción Chargeback es aprobada",
"82":	 "Negada, no hay módulo de seguridad",
"R4":	 "Negada, devolución/archivo de usuario actualizado",
"83":	 "Negada, no hay cuenta para la tarjeta",
"R5":	 "Negada, devolución/número de prefijo incorrecto",
"84":	 "Negada, no existe el archivo de saldos PBF",
"R6":	 "Negada, devolución código de rspta incorrecto",
"85":	 "Negada, error en actualización de archivo saldo",
"R7":	 "Negada, transacción administrativa no soportada",
"86":	 "Negada, tipo de autorización errado",
"R8":	 "Negada, la tarjeta está en archivo de negativos",
"87":	 "Negada, track 2 errado S4 Negada, PTLF full",
"88":	 "Negada, error en log de transacciones PTLF",
"S5":	 "Negada, devolución aprobada, archivo de cliente n",
"89":	 "Negada, inválida la ruta de servicio",
"S6":	 "Negada, devolución aprobada, archivo de cliente n",
"90":	 "Negada, no es posible autorizar ",
"S7":	 "Negada, devolución aceptada, destino incorrecto",
"91":	 "Negada, no es posible autorizar ",
"S8":	 "Negada, ADMIN file problem",
"92":	 "Negada, puede ser tarjeta bloqueada o timeout",
"S9":	 "Negada, unable to validate PIN, security module is",
"93":	 "Negada, no es posible autorizar ",
"T1":	 "Negada, tarjeta de crédito inválida",
"94":	 "Negada, transacción duplicada",
"T2":	 "Negada, fecha de transacción inválida",
"96":	 "Negada, no se pudo procesar la transacción ",
"T3":	 "Negada, card not supported",
"97":	 "Negada, Número de documento inválido",
"T4":	 "Negada, amount over maximum",
"98":	 "Negada, CVV2 invalido",
"T5":	 "Negada, CAF status = 0 or 9 99 Error de comunicaciones",
"T6":	 "Negada, Bad UAF",
"B1":	 "Numero de Factura invalida",
"T7":	 "Negada, límite diario excedido en el Cash back",
"B2":	 "Factura vencida",
"T8":	 "Negada, el enlace está caído",
"B3":	 "Factura pagada",
"T0":	 "Negada, time out",





"E99":	"Error interno del servicio",
"V01":	"El campo uniqueCode no puede ser nulo",
"V02":	"La longitude del campo uniqueCode debe ser menor a 13 dígitos",
"V03":	"El campo terminalId no debe ser nulo",
"V04":	"La longitude del campo teminalId debe ser menor a 8 dígitos",
"V05":	"El campo terminalId no debe contener caracteres especiales ni espacios",
"V06":	"En campo purchaseAmount no debe ser nulo",
"V07":	"La longitud del campo purchaseAmount debe ser menor a 16 dígitos",
"V08":	"La longitud del campo campo ivaTax debe ser menor a 16 dígitos",
"V10":	"El objeto cardData no puede ser nulo",
"V11":	"El campo installmentNumber no puede ser nulo",
"V12":	"El campo installmentNumber debe ser mayor a 0 menor a 61",
"V13":	"CurrencyCode no válido",
"V14":	"El campo iacTax debe ser menor a 16 dígitos y mayor o igual a 0",
	
"V16":	"La longitud del campo ipAddress debe ser menor a 128 dígitos",
"V17":	"El campo ipAddress no debe ser nulo",
"V18":	"El valor del campo cofTransaction es inválido",
"V19":	"El valor del campo recurringTransaction en inválido",
"V20":	"La longitud del campo references debe ser menor a 512 caracteres",
"V21":	"El número de tarjeta (cardNumber) no es válido",
"V22":	"El campo expireDate no es válido",
"V23":	"El campo cvv no es válido",
"V24":	"El campo brandId no tiene un valor válido",
"V25":	"El campo cardAccountType no tiene un valor válido",
"V26":	"La longitude del campo Tip debe ser menor a 12 dígitos",
"V27":	"La longiud del campo purchaseAmountAirline debe ser menor a 16 dígitos",
"V28":	"La longiud del campo purchaseAmountAgency debe ser menor a 16 dígitos",
"V29":	"El campo purchaseAmountAgency no debe ser nulo",
"V30":	"El campo airlineCode no es válido",
"V31":	"La longitud del campo airportTax debe ser menor a 13 dígitos",
"V32":	"El campo airportTax no debe ser nulo",
"V33":	"La longitud del campo purchaseAmountAgency debe ser menor a 13 dígitos",
"V34":	"El campo purchaseAmountAgency no debe ser nulo",
"V35":	"La longitud del campo ivaTaxAgency debe ser menor a 13 dígitos",
"V36":	"El campo uniqueCode no es válido",
"V37":	"El campo terminalId no es válido",
"V38":	"El campo transactionId no es válido",
"V39":	"No se puede anular la transacción mit porque ya fue confirmada",
"V40":	"La transacción MIT no tiene una fecha válida para ser anulada",
"V41":	"Error en la decodificación del JWT",
"V42":	"Transacción para anular, no es una transacción válida",
"V43":	"Los impuestos de restaurante y aerolinea no deben enviarse en una misma transacción",
"V44":	"La terminal no pertenece a la pasarela",
"V45":	"AirlineCode para transacción de Aerolinea debe ser diferente a 99",
"V46":	"El campo CofTransaction y recurringTransaction no pueden viajar poplados en la misma transacción",
"V47":	"No se encontró información de la terminal",
"M01":	"La transacción MIT ya fue confirmada.",
"M02":	"La transacción MIT no ha sido pre-autorizada.",
"M03":	"La transacción MIT no ha vencido, no se puede preauthorizar",
"M04":	"La transacción MIT de preautorización está vencida, necesita re-autorización",
"M05":	"La transacción de pre-autorizacion o reautorización no fué aprobada. No se puede ejecutar la confirmación de la transacción MIT",
"M06":	"No se encontró la transacción MIT para confirmar o reautorizar.",
"M07":	"Error obteniendo la transacción MIT de confirmación o reautorización",
"M08":	"Brand Id erroneo. Las transacciones MIT no están habilitadas para estas franquicias",
"M09":	"La transaccion NO es una transacción MIT de pre-autorización válida.",
"A01":	"No se puede anular la transacción. Fecha posterior a la permitida.",
"A02":	"Transacción de anulación no encontrada",
"A03":	"No se puede anular una transacción de anulación",
"A04":	"Código único o Terminal no corresponden a la transacción de anulación",
"A05":	"La transacción ya fué anulada",
"T01":	"Timeout, error de conexión entre servicios",
"S10":	"Error en la obtención del payload",
"S11":	"Error en a la descripción o en la firma de la información",
"S01":	"Error interno del servicio de seguridad",
"C01":	"No se encuentra información del comercio o Terminal",
"S21":	"El campo transactionIndicator corresponder a las siguientes opciones dependiendo de la respuesta del servicio de DC: DC, NE, NA",
"S22":	"El campo lookUpCurrencyCode es de 3 dígitos correspondientes al código ISO de la moneda",
"S23":	"El campo dccAmount no debe ser nulo y debe ser inferior a 12 dígitos",
"S24":	"El campo exchangeRate no debe ser nulo y debe ser inferior a 12 dígitos",
"S25":	"El campo dccAuthAmoun no debe ser nulo y debe ser inferior a 12 dígitos",
"S26":	"El campo dccAuthExchangeRate no debe ser nulo y debe ser inferior a 12 dígitos",
"S27":	"La transacción con servicio de DCC no debe ser COF_I ni Recurrente",
"S28":	"El campo dccExponent no debe ser nulo y debe ser un número de un dígito",
"S29":	"Se debe enviar transacciones independientes de DCC para la compra de aerolinea y para la compra de agencia",
"S30":  "Faltan campos para la transacción de DCC tipo DC",
"T01 - TraductorIso": "Timeout traductor Iso"

}